packages,Entry Date
de,14/04/2025
de,01/04/2025
de,06/04/2025
de,29/04/2025
de,19/04/2025
de,15/04/2025
de,06/04/2025
de,09/04/2025
de,25/04/2025
de,08/04/2025
de,09/04/2025
de,20/04/2025
de,01/04/2025
de,27/04/2025
de,17/04/2025
de,26/04/2025
de,07/04/2025
de,29/04/2025
de,02/04/2025
de,26/04/2025
de,15/04/2025
de,16/04/2025
de,16/04/2025
de,21/04/2025
de,17/04/2025
de,11/04/2025
de,23/04/2025
de,27/04/2025
de,10/04/2025
de,25/04/2025
de,07/04/2025
de,26/04/2025
de,20/04/2025
de,18/04/2025
de,23/04/2025
de,18/04/2025
de,24/04/2025
de,09/04/2025
de,08/04/2025
de,30/04/2025
de,06/04/2025
de,24/04/2025
de,07/04/2025
de,03/04/2025
de,17/04/2025
de,01/04/2025
de,27/04/2025
de,06/04/2025
de,26/04/2025
de,04/04/2025
de,12/04/2025
de,21/04/2025
de,15/04/2025
de,21/04/2025
de,06/04/2025
de,22/04/2025
de,11/04/2025
de,05/04/2025
de,12/04/2025
de,17/04/2025
de,17/04/2025
de,26/04/2025
de,22/04/2025
de,29/04/2025
de,11/04/2025
de,02/04/2025
de,19/04/2025
de,09/04/2025
de,07/04/2025
de,04/04/2025
de,19/04/2025
de,15/04/2025
de,20/04/2025
de,04/04/2025
de,27/04/2025
de,16/04/2025
de,04/04/2025
de,21/04/2025
de,09/04/2025
de,28/04/2025
de,30/04/2025
de,22/04/2025
de,11/04/2025
de,11/04/2025
de,16/04/2025
de,26/04/2025
de,16/04/2025
de,30/04/2025
de,02/04/2025
de,02/04/2025
de,12/04/2025
de,30/04/2025
de,26/04/2025
de,24/04/2025
de,11/04/2025
de,14/04/2025
de,07/04/2025
de,17/04/2025
de,06/04/2025
de,15/04/2025
