Name,Entry Date
th,08/04/2025
th,30/04/2025
th,04/04/2025
th,24/04/2025
th,10/04/2025
th,12/04/2025
th,29/04/2025
th,24/04/2025
th,01/04/2025
th,08/04/2025
th,19/04/2025
th,10/04/2025
th,06/04/2025
th,08/04/2025
th,20/04/2025
th,23/04/2025
th,04/04/2025
th,20/04/2025
th,09/04/2025
th,26/04/2025
th,09/04/2025
th,10/04/2025
th,14/04/2025
th,15/04/2025
th,14/04/2025
th,30/04/2025
th,24/04/2025
th,01/04/2025
th,08/04/2025
th,29/04/2025
th,03/04/2025
th,22/04/2025
th,05/04/2025
th,28/04/2025
th,20/04/2025
th,27/04/2025
th,24/04/2025
th,01/04/2025
th,02/04/2025
th,04/04/2025
th,25/04/2025
th,20/04/2025
th,16/04/2025
th,01/04/2025
th,09/04/2025
th,19/04/2025
th,15/04/2025
th,13/04/2025
th,14/04/2025
th,07/04/2025
th,30/04/2025
th,13/04/2025
th,01/04/2025
th,18/04/2025
th,27/04/2025
th,07/04/2025
th,04/04/2025
th,07/04/2025
th,22/04/2025
th,02/04/2025
th,17/04/2025
th,29/04/2025
th,23/04/2025
th,17/04/2025
th,25/04/2025
th,09/04/2025
th,06/04/2025
th,27/04/2025
th,13/04/2025
th,04/04/2025
th,21/04/2025
th,07/04/2025
th,15/04/2025
th,15/04/2025
th,21/04/2025
th,03/04/2025
th,05/04/2025
th,11/04/2025
th,17/04/2025
th,04/04/2025
th,07/04/2025
th,19/04/2025
th,18/04/2025
th,13/04/2025
th,17/04/2025
th,01/04/2025
th,29/04/2025
th,07/04/2025
th,17/04/2025
th,17/04/2025
th,17/04/2025
th,07/04/2025
th,15/04/2025
th,29/04/2025
th,05/04/2025
th,02/04/2025
th,27/04/2025
th,18/04/2025
th,25/04/2025
th,17/04/2025
